{"v":"4.10.2","fr":24,"ip":0,"op":96,"w":400,"h":400,"nm":"ko-03","ddd":0,"assets":[],"layers":[{"ddd":0,"ind":1,"ty":4,"nm":"l-15","sr":1,"ks":{"o":{"a":0,"k":100,"ix":11},"r":{"a":0,"k":0,"ix":10},"p":{"a":0,"k":[329.125,176.875,0],"ix":2},"a":{"a":0,"k":[64.875,115.375,0],"ix":1},"s":{"a":0,"k":[100,100,100],"ix":6}},"ao":0,"shapes":[{"ty":"gr","it":[{"ind":0,"ty":"sh","ix":1,"ks":{"a":0,"k":{"i":[[0,0],[0,0]],"o":[[0,0],[0,0]],"v":[[60.25,116.5],[69.5,114.25]]},"ix":2},"nm":"Path 1","mn":"ADBE Vector Shape - Group"},{"ty":"st","c":{"a":0,"k":[0.988235294118,0.313725490196,0.047058823529,1],"ix":3},"o":{"a":0,"k":100,"ix":4},"w":{"a":0,"k":7,"ix":5},"lc":2,"lj":1,"ml":4,"nm":"Stroke 1","mn":"ADBE Vector Graphic - Stroke"},{"ty":"tr","p":{"a":0,"k":[0,0],"ix":2},"a":{"a":0,"k":[0,0],"ix":1},"s":{"a":0,"k":[100,100],"ix":3},"r":{"a":0,"k":0,"ix":6},"o":{"a":0,"k":100,"ix":7},"sk":{"a":0,"k":0,"ix":4},"sa":{"a":0,"k":0,"ix":5},"nm":"Transform"}],"nm":"Shape 1","np":2,"cix":2,"ix":1,"mn":"ADBE Vector Group"}],"ip":0,"op":97,"st":0,"bm":0},{"ddd":0,"ind":2,"ty":4,"nm":"l-14","sr":1,"ks":{"o":{"a":0,"k":100,"ix":11},"r":{"a":0,"k":0,"ix":10},"p":{"a":0,"k":[321.375,152.5,0],"ix":2},"a":{"a":0,"k":[57.125,91,0],"ix":1},"s":{"a":0,"k":[100,100,100],"ix":6}},"ao":0,"shapes":[{"ty":"gr","it":[{"ind":0,"ty":"sh","ix":1,"ks":{"a":0,"k":{"i":[[0,0],[0,0]],"o":[[0,0],[0,0]],"v":[[52.75,93],[61.5,89]]},"ix":2},"nm":"Path 1","mn":"ADBE Vector Shape - Group"},{"ty":"st","c":{"a":0,"k":[0.988235294118,0.313725490196,0.047058823529,1],"ix":3},"o":{"a":0,"k":100,"ix":4},"w":{"a":0,"k":7,"ix":5},"lc":2,"lj":1,"ml":4,"nm":"Stroke 1","mn":"ADBE Vector Graphic - Stroke"},{"ty":"tr","p":{"a":0,"k":[0,0],"ix":2},"a":{"a":0,"k":[0,0],"ix":1},"s":{"a":0,"k":[100,100],"ix":3},"r":{"a":0,"k":0,"ix":6},"o":{"a":0,"k":100,"ix":7},"sk":{"a":0,"k":0,"ix":4},"sa":{"a":0,"k":0,"ix":5},"nm":"Transform"}],"nm":"Shape 1","np":2,"cix":2,"ix":1,"mn":"ADBE Vector Group"}],"ip":0,"op":97,"st":0,"bm":0},{"ddd":0,"ind":3,"ty":4,"nm":"l-13","sr":1,"ks":{"o":{"a":0,"k":100,"ix":11},"r":{"a":0,"k":0,"ix":10},"p":{"a":0,"k":[309.375,130,0],"ix":2},"a":{"a":0,"k":[45.125,68.5,0],"ix":1},"s":{"a":0,"k":[100,100,100],"ix":6}},"ao":0,"shapes":[{"ty":"gr","it":[{"ind":0,"ty":"sh","ix":1,"ks":{"a":0,"k":{"i":[[0,0],[0,0]],"o":[[0,0],[0,0]],"v":[[41,71.25],[49.25,65.75]]},"ix":2},"nm":"Path 1","mn":"ADBE Vector Shape - Group"},{"ty":"st","c":{"a":0,"k":[0.988235294118,0.313725490196,0.047058823529,1],"ix":3},"o":{"a":0,"k":100,"ix":4},"w":{"a":0,"k":7,"ix":5},"lc":2,"lj":1,"ml":4,"nm":"Stroke 1","mn":"ADBE Vector Graphic - Stroke"},{"ty":"tr","p":{"a":0,"k":[0,0],"ix":2},"a":{"a":0,"k":[0,0],"ix":1},"s":{"a":0,"k":[100,100],"ix":3},"r":{"a":0,"k":0,"ix":6},"o":{"a":0,"k":100,"ix":7},"sk":{"a":0,"k":0,"ix":4},"sa":{"a":0,"k":0,"ix":5},"nm":"Transform"}],"nm":"Shape 1","np":2,"cix":2,"ix":1,"mn":"ADBE Vector Group"}],"ip":0,"op":97,"st":0,"bm":0},{"ddd":0,"ind":4,"ty":4,"nm":"l-12","sr":1,"ks":{"o":{"a":0,"k":100,"ix":11},"r":{"a":0,"k":0,"ix":10},"p":{"a":0,"k":[293.25,110.125,0],"ix":2},"a":{"a":0,"k":[29,48.625,0],"ix":1},"s":{"a":0,"k":[100,100,100],"ix":6}},"ao":0,"shapes":[{"ty":"gr","it":[{"ind":0,"ty":"sh","ix":1,"ks":{"a":0,"k":{"i":[[0,0],[0,0]],"o":[[0,0],[0,0]],"v":[[25.5,52.25],[32.5,45]]},"ix":2},"nm":"Path 1","mn":"ADBE Vector Shape - Group"},{"ty":"st","c":{"a":0,"k":[0.988235294118,0.313725490196,0.047058823529,1],"ix":3},"o":{"a":0,"k":100,"ix":4},"w":{"a":0,"k":7,"ix":5},"lc":2,"lj":1,"ml":4,"nm":"Stroke 1","mn":"ADBE Vector Graphic - Stroke"},{"ty":"tr","p":{"a":0,"k":[0,0],"ix":2},"a":{"a":0,"k":[0,0],"ix":1},"s":{"a":0,"k":[100,100],"ix":3},"r":{"a":0,"k":0,"ix":6},"o":{"a":0,"k":100,"ix":7},"sk":{"a":0,"k":0,"ix":4},"sa":{"a":0,"k":0,"ix":5},"nm":"Transform"}],"nm":"Shape 1","np":2,"cix":2,"ix":1,"mn":"ADBE Vector Group"}],"ip":0,"op":97,"st":0,"bm":0},{"ddd":0,"ind":5,"ty":4,"nm":"l-11","sr":1,"ks":{"o":{"a":0,"k":100,"ix":11},"r":{"a":0,"k":0,"ix":10},"p":{"a":0,"k":[273.25,94.125,0],"ix":2},"a":{"a":0,"k":[9,32.625,0],"ix":1},"s":{"a":0,"k":[100,100,100],"ix":6}},"ao":0,"shapes":[{"ty":"gr","it":[{"ind":0,"ty":"sh","ix":1,"ks":{"a":0,"k":{"i":[[0,0],[0,0]],"o":[[0,0],[0,0]],"v":[[6.25,36.75],[11.75,28.5]]},"ix":2},"nm":"Path 1","mn":"ADBE Vector Shape - Group"},{"ty":"st","c":{"a":0,"k":[0.988235294118,0.313725490196,0.047058823529,1],"ix":3},"o":{"a":0,"k":100,"ix":4},"w":{"a":0,"k":7,"ix":5},"lc":2,"lj":1,"ml":4,"nm":"Stroke 1","mn":"ADBE Vector Graphic - Stroke"},{"ty":"tr","p":{"a":0,"k":[0,0],"ix":2},"a":{"a":0,"k":[0,0],"ix":1},"s":{"a":0,"k":[100,100],"ix":3},"r":{"a":0,"k":0,"ix":6},"o":{"a":0,"k":100,"ix":7},"sk":{"a":0,"k":0,"ix":4},"sa":{"a":0,"k":0,"ix":5},"nm":"Transform"}],"nm":"Shape 1","np":2,"cix":2,"ix":1,"mn":"ADBE Vector Group"}],"ip":0,"op":97,"st":0,"bm":0},{"ddd":0,"ind":6,"ty":4,"nm":"l-10","sr":1,"ks":{"o":{"a":0,"k":100,"ix":11},"r":{"a":0,"k":0,"ix":10},"p":{"a":0,"k":[251.125,82.125,0],"ix":2},"a":{"a":0,"k":[-13.125,20.625,0],"ix":1},"s":{"a":0,"k":[100,100,100],"ix":6}},"ao":0,"shapes":[{"ty":"gr","it":[{"ind":0,"ty":"sh","ix":1,"ks":{"a":0,"k":{"i":[[0,0],[0,0]],"o":[[0,0],[0,0]],"v":[[-15.25,25.25],[-11,16]]},"ix":2},"nm":"Path 1","mn":"ADBE Vector Shape - Group"},{"ty":"st","c":{"a":0,"k":[0.988235294118,0.313725490196,0.047058823529,1],"ix":3},"o":{"a":0,"k":100,"ix":4},"w":{"a":0,"k":7,"ix":5},"lc":2,"lj":1,"ml":4,"nm":"Stroke 1","mn":"ADBE Vector Graphic - Stroke"},{"ty":"tr","p":{"a":0,"k":[0,0],"ix":2},"a":{"a":0,"k":[0,0],"ix":1},"s":{"a":0,"k":[100,100],"ix":3},"r":{"a":0,"k":0,"ix":6},"o":{"a":0,"k":100,"ix":7},"sk":{"a":0,"k":0,"ix":4},"sa":{"a":0,"k":0,"ix":5},"nm":"Transform"}],"nm":"Shape 1","np":2,"cix":2,"ix":1,"mn":"ADBE Vector Group"}],"ip":0,"op":97,"st":0,"bm":0},{"ddd":0,"ind":7,"ty":4,"nm":"l-09","sr":1,"ks":{"o":{"a":0,"k":100,"ix":11},"r":{"a":0,"k":0,"ix":10},"p":{"a":0,"k":[226.375,74.5,0],"ix":2},"a":{"a":0,"k":[-37.875,13,0],"ix":1},"s":{"a":0,"k":[100,100,100],"ix":6}},"ao":0,"shapes":[{"ty":"gr","it":[{"ind":0,"ty":"sh","ix":1,"ks":{"a":0,"k":{"i":[[0,0],[0,0]],"o":[[0,0],[0,0]],"v":[[-38.75,18],[-37,8]]},"ix":2},"nm":"Path 1","mn":"ADBE Vector Shape - Group"},{"ty":"st","c":{"a":0,"k":[0.988235294118,0.313725490196,0.047058823529,1],"ix":3},"o":{"a":0,"k":100,"ix":4},"w":{"a":0,"k":7,"ix":5},"lc":2,"lj":1,"ml":4,"nm":"Stroke 1","mn":"ADBE Vector Graphic - Stroke"},{"ty":"tr","p":{"a":0,"k":[0,0],"ix":2},"a":{"a":0,"k":[0,0],"ix":1},"s":{"a":0,"k":[100,100],"ix":3},"r":{"a":0,"k":0,"ix":6},"o":{"a":0,"k":100,"ix":7},"sk":{"a":0,"k":0,"ix":4},"sa":{"a":0,"k":0,"ix":5},"nm":"Transform"}],"nm":"Shape 1","np":2,"cix":2,"ix":1,"mn":"ADBE Vector Group"}],"ip":0,"op":97,"st":0,"bm":0},{"ddd":0,"ind":8,"ty":4,"nm":"l-08","sr":1,"ks":{"o":{"a":0,"k":100,"ix":11},"r":{"a":0,"k":0,"ix":10},"p":{"a":0,"k":[200.875,72.125,0],"ix":2},"a":{"a":0,"k":[-36.875,13.125,0],"ix":1},"s":{"a":0,"k":[100,100,100],"ix":6}},"ao":0,"shapes":[{"ty":"gr","it":[{"ind":0,"ty":"sh","ix":1,"ks":{"a":0,"k":{"i":[[0,0],[0,0]],"o":[[0,0],[0,0]],"v":[[-36.75,18.25],[-37,8]]},"ix":2},"nm":"Path 1","mn":"ADBE Vector Shape - Group"},{"ty":"st","c":{"a":0,"k":[0.988235294118,0.313725490196,0.047058823529,1],"ix":3},"o":{"a":0,"k":100,"ix":4},"w":{"a":0,"k":7,"ix":5},"lc":2,"lj":1,"ml":4,"nm":"Stroke 1","mn":"ADBE Vector Graphic - Stroke"},{"ty":"tr","p":{"a":0,"k":[0,0],"ix":2},"a":{"a":0,"k":[0,0],"ix":1},"s":{"a":0,"k":[100,100],"ix":3},"r":{"a":0,"k":0,"ix":6},"o":{"a":0,"k":100,"ix":7},"sk":{"a":0,"k":0,"ix":4},"sa":{"a":0,"k":0,"ix":5},"nm":"Transform"}],"nm":"Shape 1","np":2,"cix":2,"ix":1,"mn":"ADBE Vector Group"}],"ip":0,"op":97,"st":0,"bm":0},{"ddd":0,"ind":9,"ty":4,"nm":"l-07","sr":1,"ks":{"o":{"a":0,"k":100,"ix":11},"r":{"a":0,"k":0,"ix":10},"p":{"a":0,"k":[175.625,74.5,0],"ix":2},"a":{"a":0,"k":[-62.125,15.5,0],"ix":1},"s":{"a":0,"k":[100,100,100],"ix":6}},"ao":0,"shapes":[{"ty":"gr","it":[{"ind":0,"ty":"sh","ix":1,"ks":{"a":0,"k":{"i":[[0,0],[0,0]],"o":[[0,0],[0,0]],"v":[[-61.25,20.5],[-63,10.5]]},"ix":2},"nm":"Path 1","mn":"ADBE Vector Shape - Group"},{"ty":"st","c":{"a":0,"k":[0.988235294118,0.313725490196,0.047058823529,1],"ix":3},"o":{"a":0,"k":100,"ix":4},"w":{"a":0,"k":7,"ix":5},"lc":2,"lj":1,"ml":4,"nm":"Stroke 1","mn":"ADBE Vector Graphic - Stroke"},{"ty":"tr","p":{"a":0,"k":[0,0],"ix":2},"a":{"a":0,"k":[0,0],"ix":1},"s":{"a":0,"k":[100,100],"ix":3},"r":{"a":0,"k":0,"ix":6},"o":{"a":0,"k":100,"ix":7},"sk":{"a":0,"k":0,"ix":4},"sa":{"a":0,"k":0,"ix":5},"nm":"Transform"}],"nm":"Shape 1","np":2,"cix":2,"ix":1,"mn":"ADBE Vector Group"}],"ip":0,"op":97,"st":0,"bm":0},{"ddd":0,"ind":10,"ty":4,"nm":"l-06","sr":1,"ks":{"o":{"a":0,"k":100,"ix":11},"r":{"a":0,"k":0,"ix":10},"p":{"a":0,"k":[151.25,81.875,0],"ix":2},"a":{"a":0,"k":[-86.5,22.875,0],"ix":1},"s":{"a":0,"k":[100,100,100],"ix":6}},"ao":0,"shapes":[{"ty":"gr","it":[{"ind":0,"ty":"sh","ix":1,"ks":{"a":0,"k":{"i":[[0,0],[0,0]],"o":[[0,0],[0,0]],"v":[[-84.5,27.25],[-88.5,18.5]]},"ix":2},"nm":"Path 1","mn":"ADBE Vector Shape - Group"},{"ty":"st","c":{"a":0,"k":[0.988235294118,0.313725490196,0.047058823529,1],"ix":3},"o":{"a":0,"k":100,"ix":4},"w":{"a":0,"k":7,"ix":5},"lc":2,"lj":1,"ml":4,"nm":"Stroke 1","mn":"ADBE Vector Graphic - Stroke"},{"ty":"tr","p":{"a":0,"k":[0,0],"ix":2},"a":{"a":0,"k":[0,0],"ix":1},"s":{"a":0,"k":[100,100],"ix":3},"r":{"a":0,"k":0,"ix":6},"o":{"a":0,"k":100,"ix":7},"sk":{"a":0,"k":0,"ix":4},"sa":{"a":0,"k":0,"ix":5},"nm":"Transform"}],"nm":"Shape 1","np":2,"cix":2,"ix":1,"mn":"ADBE Vector Group"}],"ip":0,"op":97,"st":0,"bm":0},{"ddd":0,"ind":11,"ty":4,"nm":"l-05","sr":1,"ks":{"o":{"a":0,"k":100,"ix":11},"r":{"a":0,"k":0,"ix":10},"p":{"a":0,"k":[128.5,93.875,0],"ix":2},"a":{"a":0,"k":[-109.25,34.875,0],"ix":1},"s":{"a":0,"k":[100,100,100],"ix":6}},"ao":0,"shapes":[{"ty":"gr","it":[{"ind":0,"ty":"sh","ix":1,"ks":{"a":0,"k":{"i":[[0,0],[0,0]],"o":[[0,0],[0,0]],"v":[[-106.5,39],[-112,30.75]]},"ix":2},"nm":"Path 1","mn":"ADBE Vector Shape - Group"},{"ty":"st","c":{"a":0,"k":[0.988235294118,0.313725490196,0.047058823529,1],"ix":3},"o":{"a":0,"k":100,"ix":4},"w":{"a":0,"k":7,"ix":5},"lc":2,"lj":1,"ml":4,"nm":"Stroke 1","mn":"ADBE Vector Graphic - Stroke"},{"ty":"tr","p":{"a":0,"k":[0,0],"ix":2},"a":{"a":0,"k":[0,0],"ix":1},"s":{"a":0,"k":[100,100],"ix":3},"r":{"a":0,"k":0,"ix":6},"o":{"a":0,"k":100,"ix":7},"sk":{"a":0,"k":0,"ix":4},"sa":{"a":0,"k":0,"ix":5},"nm":"Transform"}],"nm":"Shape 1","np":2,"cix":2,"ix":1,"mn":"ADBE Vector Group"}],"ip":0,"op":97,"st":0,"bm":0},{"ddd":0,"ind":12,"ty":4,"nm":"l-04","sr":1,"ks":{"o":{"a":0,"k":100,"ix":11},"r":{"a":0,"k":0,"ix":10},"p":{"a":0,"k":[108.625,110.375,0],"ix":2},"a":{"a":0,"k":[-129.125,51.375,0],"ix":1},"s":{"a":0,"k":[100,100,100],"ix":6}},"ao":0,"shapes":[{"ty":"gr","it":[{"ind":0,"ty":"sh","ix":1,"ks":{"a":0,"k":{"i":[[0,0],[0,0]],"o":[[0,0],[0,0]],"v":[[-125.5,54.75],[-132.75,48]]},"ix":2},"nm":"Path 1","mn":"ADBE Vector Shape - Group"},{"ty":"st","c":{"a":0,"k":[0.988235294118,0.313725490196,0.047058823529,1],"ix":3},"o":{"a":0,"k":100,"ix":4},"w":{"a":0,"k":7,"ix":5},"lc":2,"lj":1,"ml":4,"nm":"Stroke 1","mn":"ADBE Vector Graphic - Stroke"},{"ty":"tr","p":{"a":0,"k":[0,0],"ix":2},"a":{"a":0,"k":[0,0],"ix":1},"s":{"a":0,"k":[100,100],"ix":3},"r":{"a":0,"k":0,"ix":6},"o":{"a":0,"k":100,"ix":7},"sk":{"a":0,"k":0,"ix":4},"sa":{"a":0,"k":0,"ix":5},"nm":"Transform"}],"nm":"Shape 1","np":2,"cix":2,"ix":1,"mn":"ADBE Vector Group"}],"ip":0,"op":97,"st":0,"bm":0},{"ddd":0,"ind":13,"ty":4,"nm":"l-03","sr":1,"ks":{"o":{"a":0,"k":100,"ix":11},"r":{"a":0,"k":0,"ix":10},"p":{"a":0,"k":[92.25,129.75,0],"ix":2},"a":{"a":0,"k":[-129,50.75,0],"ix":1},"s":{"a":0,"k":[100,100,100],"ix":6}},"ao":0,"shapes":[{"ty":"gr","it":[{"ind":0,"ty":"sh","ix":1,"ks":{"a":0,"k":{"i":[[0,0],[0,0]],"o":[[0,0],[0,0]],"v":[[-125.25,53.5],[-132.75,48]]},"ix":2},"nm":"Path 1","mn":"ADBE Vector Shape - Group"},{"ty":"st","c":{"a":0,"k":[0.988235294118,0.313725490196,0.047058823529,1],"ix":3},"o":{"a":0,"k":100,"ix":4},"w":{"a":0,"k":7,"ix":5},"lc":2,"lj":1,"ml":4,"nm":"Stroke 1","mn":"ADBE Vector Graphic - Stroke"},{"ty":"tr","p":{"a":0,"k":[0,0],"ix":2},"a":{"a":0,"k":[0,0],"ix":1},"s":{"a":0,"k":[100,100],"ix":3},"r":{"a":0,"k":0,"ix":6},"o":{"a":0,"k":100,"ix":7},"sk":{"a":0,"k":0,"ix":4},"sa":{"a":0,"k":0,"ix":5},"nm":"Transform"}],"nm":"Shape 1","np":2,"cix":2,"ix":1,"mn":"ADBE Vector Group"}],"ip":0,"op":97,"st":0,"bm":0},{"ddd":0,"ind":14,"ty":4,"nm":"l-02","sr":1,"ks":{"o":{"a":0,"k":100,"ix":11},"r":{"a":0,"k":0,"ix":10},"p":{"a":0,"k":[80.125,152.5,0],"ix":2},"a":{"a":0,"k":[-128.375,49.75,0],"ix":1},"s":{"a":0,"k":[100,100,100],"ix":6}},"ao":0,"shapes":[{"ty":"gr","it":[{"ind":0,"ty":"sh","ix":1,"ks":{"a":0,"k":{"i":[[0,0],[0,0]],"o":[[0,0],[0,0]],"v":[[-124,51.5],[-132.75,48]]},"ix":2},"nm":"Path 1","mn":"ADBE Vector Shape - Group"},{"ty":"st","c":{"a":0,"k":[0.988235294118,0.313725490196,0.047058823529,1],"ix":3},"o":{"a":0,"k":100,"ix":4},"w":{"a":0,"k":7,"ix":5},"lc":2,"lj":1,"ml":4,"nm":"Stroke 1","mn":"ADBE Vector Graphic - Stroke"},{"ty":"tr","p":{"a":0,"k":[0,0],"ix":2},"a":{"a":0,"k":[0,0],"ix":1},"s":{"a":0,"k":[100,100],"ix":3},"r":{"a":0,"k":0,"ix":6},"o":{"a":0,"k":100,"ix":7},"sk":{"a":0,"k":0,"ix":4},"sa":{"a":0,"k":0,"ix":5},"nm":"Transform"}],"nm":"Shape 1","np":2,"cix":2,"ix":1,"mn":"ADBE Vector Group"}],"ip":0,"op":97,"st":0,"bm":0},{"ddd":0,"ind":15,"ty":4,"nm":"l-01","sr":1,"ks":{"o":{"a":0,"k":100,"ix":11},"r":{"a":0,"k":0,"ix":10},"p":{"a":0,"k":[73,177,0],"ix":2},"a":{"a":0,"k":[-128,49,0],"ix":1},"s":{"a":0,"k":[100,100,100],"ix":6}},"ao":0,"shapes":[{"ty":"gr","it":[{"ind":0,"ty":"sh","ix":1,"ks":{"a":0,"k":{"i":[[0,0],[0,0]],"o":[[0,0],[0,0]],"v":[[-123.25,50],[-132.75,48]]},"ix":2},"nm":"Path 1","mn":"ADBE Vector Shape - Group"},{"ty":"st","c":{"a":0,"k":[0.988235294118,0.313725490196,0.047058823529,1],"ix":3},"o":{"a":0,"k":100,"ix":4},"w":{"a":0,"k":7,"ix":5},"lc":2,"lj":1,"ml":4,"nm":"Stroke 1","mn":"ADBE Vector Graphic - Stroke"},{"ty":"tr","p":{"a":0,"k":[0,0],"ix":2},"a":{"a":0,"k":[0,0],"ix":1},"s":{"a":0,"k":[100,100],"ix":3},"r":{"a":0,"k":0,"ix":6},"o":{"a":0,"k":100,"ix":7},"sk":{"a":0,"k":0,"ix":4},"sa":{"a":0,"k":0,"ix":5},"nm":"Transform"}],"nm":"Shape 1","np":2,"cix":2,"ix":1,"mn":"ADBE Vector Group"}],"ip":0,"op":97,"st":0,"bm":0},{"ddd":0,"ind":16,"ty":4,"nm":"arrow-04","sr":1,"ks":{"o":{"a":0,"k":100,"ix":11},"r":{"a":1,"k":[{"i":{"x":[0.833],"y":[0.833]},"o":{"x":[0.167],"y":[0.167]},"n":["0p833_0p833_0p167_0p167"],"t":0,"s":[0],"e":[360]},{"t":96}],"ix":10},"p":{"a":0,"k":[130.916,255.135,0],"ix":2},"a":{"a":0,"k":[1.455,4.999,0],"ix":1},"s":{"a":0,"k":[100,100,100],"ix":6}},"ao":0,"shapes":[{"ty":"gr","it":[{"ind":0,"ty":"sh","ix":1,"ks":{"a":0,"k":{"i":[[0,0],[0,0]],"o":[[0,0],[0,0]],"v":[[0.25,26.25],[2.675,-16.524]]},"ix":2},"nm":"Path 1","mn":"ADBE Vector Shape - Group"},{"ty":"st","c":{"a":0,"k":[0.988235294118,0.313725490196,0.047058823529,1],"ix":3},"o":{"a":0,"k":100,"ix":4},"w":{"a":0,"k":7,"ix":5},"lc":2,"lj":1,"ml":4,"nm":"Stroke 1","mn":"ADBE Vector Graphic - Stroke"},{"ty":"tr","p":{"a":0,"k":[0,0],"ix":2},"a":{"a":0,"k":[0,0],"ix":1},"s":{"a":0,"k":[100,100],"ix":3},"r":{"a":0,"k":0,"ix":6},"o":{"a":0,"k":100,"ix":7},"sk":{"a":0,"k":0,"ix":4},"sa":{"a":0,"k":0,"ix":5},"nm":"Transform"}],"nm":"Shape 1","np":2,"cix":2,"ix":1,"mn":"ADBE Vector Group"}],"ip":0,"op":97,"st":0,"bm":0},{"ddd":0,"ind":17,"ty":4,"nm":"el-07","sr":1,"ks":{"o":{"a":0,"k":100,"ix":11},"r":{"a":0,"k":0,"ix":10},"p":{"a":0,"k":[131.383,255.049,0],"ix":2},"a":{"a":0,"k":[0,0,0],"ix":1},"s":{"a":1,"k":[{"i":{"x":[0.667,0.667,0.667],"y":[1,1,1]},"o":{"x":[0.333,0.333,0.333],"y":[0,0,0]},"n":["0p667_1_0p333_0","0p667_1_0p333_0","0p667_1_0p333_0"],"t":0,"s":[100,100,100],"e":[115,115,100]},{"i":{"x":[0.667,0.667,0.667],"y":[1,1,1]},"o":{"x":[0.333,0.333,0.333],"y":[0,0,0]},"n":["0p667_1_0p333_0","0p667_1_0p333_0","0p667_1_0p333_0"],"t":24,"s":[115,115,100],"e":[100,100,100]},{"i":{"x":[0.667,0.667,0.667],"y":[1,1,1]},"o":{"x":[0.333,0.333,0.333],"y":[0,0,0]},"n":["0p667_1_0p333_0","0p667_1_0p333_0","0p667_1_0p333_0"],"t":48,"s":[100,100,100],"e":[115,115,100]},{"i":{"x":[0.667,0.667,0.667],"y":[1,1,1]},"o":{"x":[0.333,0.333,0.333],"y":[0,0,0]},"n":["0p667_1_0p333_0","0p667_1_0p333_0","0p667_1_0p333_0"],"t":72,"s":[115,115,100],"e":[100,100,100]},{"t":96}],"ix":6}},"ao":0,"shapes":[{"ty":"gr","it":[{"d":1,"ty":"el","s":{"a":0,"k":[65,65],"ix":2},"p":{"a":0,"k":[0,0],"ix":3},"nm":"ell","mn":"ADBE Vector Shape - Ellipse"},{"ty":"st","c":{"a":0,"k":[0.988235294118,0.313725490196,0.047058823529,1],"ix":3},"o":{"a":0,"k":100,"ix":4},"w":{"a":0,"k":7,"ix":5},"lc":2,"lj":1,"ml":4,"nm":"Stroke 1","mn":"ADBE Vector Graphic - Stroke"},{"ty":"tr","p":{"a":0,"k":[0,0],"ix":2},"a":{"a":0,"k":[0,0],"ix":1},"s":{"a":0,"k":[100,100],"ix":3},"r":{"a":0,"k":0,"ix":6},"o":{"a":0,"k":100,"ix":7},"sk":{"a":0,"k":0,"ix":4},"sa":{"a":0,"k":0,"ix":5},"nm":"Transform"}],"nm":"Ellipse 1","np":2,"cix":2,"ix":1,"mn":"ADBE Vector Group"}],"ip":0,"op":97,"st":0,"bm":0},{"ddd":0,"ind":18,"ty":4,"nm":"arrow-03","sr":1,"ks":{"o":{"a":0,"k":100,"ix":11},"r":{"a":1,"k":[{"i":{"x":[0.5],"y":[1]},"o":{"x":[0.5],"y":[0]},"n":["0p5_1_0p5_0"],"t":0,"s":[15],"e":[-15]},{"i":{"x":[0.5],"y":[1]},"o":{"x":[0.5],"y":[0]},"n":["0p5_1_0p5_0"],"t":31,"s":[-15],"e":[8]},{"i":{"x":[0.5],"y":[1]},"o":{"x":[0.5],"y":[0]},"n":["0p5_1_0p5_0"],"t":67,"s":[8],"e":[15]},{"t":96}],"ix":10},"p":{"a":0,"k":[248.25,316.049,0],"ix":2},"a":{"a":0,"k":[-0.119,48.929,0],"ix":1},"s":{"a":0,"k":[100,100,100],"ix":6}},"ao":0,"shapes":[{"ty":"gr","it":[{"ind":0,"ty":"sh","ix":1,"ks":{"a":0,"k":{"i":[[0,0],[0,0]],"o":[[0,0],[0,0]],"v":[[0.25,26.25],[0.25,-30.75]]},"ix":2},"nm":"Path 1","mn":"ADBE Vector Shape - Group"},{"ty":"st","c":{"a":0,"k":[0.988235294118,0.313725490196,0.047058823529,1],"ix":3},"o":{"a":0,"k":100,"ix":4},"w":{"a":0,"k":7,"ix":5},"lc":2,"lj":1,"ml":4,"nm":"Stroke 1","mn":"ADBE Vector Graphic - Stroke"},{"ty":"tr","p":{"a":0,"k":[0,0],"ix":2},"a":{"a":0,"k":[0,0],"ix":1},"s":{"a":0,"k":[100,100],"ix":3},"r":{"a":0,"k":0,"ix":6},"o":{"a":0,"k":100,"ix":7},"sk":{"a":0,"k":0,"ix":4},"sa":{"a":0,"k":0,"ix":5},"nm":"Transform"}],"nm":"Shape 1","np":2,"cix":2,"ix":1,"mn":"ADBE Vector Group"}],"ip":0,"op":97,"st":0,"bm":0},{"ddd":0,"ind":19,"ty":4,"nm":"el-10","parent":20,"sr":1,"ks":{"o":{"a":0,"k":100,"ix":11},"r":{"a":0,"k":0,"ix":10},"p":{"a":0,"k":[-0.25,72.451,0],"ix":2},"a":{"a":0,"k":[0,0,0],"ix":1},"s":{"a":0,"k":[100,100,100],"ix":6}},"ao":0,"shapes":[{"ty":"gr","it":[{"ind":0,"ty":"sh","ix":1,"ks":{"a":0,"k":{"i":[[0,25.681],[25.681,0],[0,-25.681]],"o":[[0,-25.681],[-25.681,0],[0,25.681]],"v":[[46.5,0],[0,-46.5],[-46.5,0]]},"ix":2},"nm":"Path 1","mn":"ADBE Vector Shape - Group"},{"ty":"st","c":{"a":0,"k":[0.988235294118,0.313725490196,0.047058823529,1],"ix":3},"o":{"a":0,"k":100,"ix":4},"w":{"a":0,"k":7,"ix":5},"lc":2,"lj":1,"ml":4,"nm":"Stroke 1","mn":"ADBE Vector Graphic - Stroke"},{"ty":"tm","s":{"a":0,"k":0,"ix":1},"e":{"a":0,"k":40,"ix":2},"o":{"a":0,"k":110,"ix":3},"m":1,"ix":3,"nm":"Trim Paths 1","mn":"ADBE Vector Filter - Trim"},{"ty":"tr","p":{"a":0,"k":[0,0],"ix":2},"a":{"a":0,"k":[0,0],"ix":1},"s":{"a":0,"k":[100,100],"ix":3},"r":{"a":0,"k":0,"ix":6},"o":{"a":0,"k":100,"ix":7},"sk":{"a":0,"k":0,"ix":4},"sa":{"a":0,"k":0,"ix":5},"nm":"Transform"}],"nm":"Ellipse 1","np":3,"cix":2,"ix":1,"mn":"ADBE Vector Group"}],"ip":0,"op":97,"st":0,"bm":0},{"ddd":0,"ind":20,"ty":4,"nm":"el-09","sr":1,"ks":{"o":{"a":0,"k":100,"ix":11},"r":{"a":0,"k":0,"ix":10},"p":{"a":0,"k":[248.25,268.549,0],"ix":2},"a":{"a":0,"k":[0,0,0],"ix":1},"s":{"a":0,"k":[100,100,100],"ix":6}},"ao":0,"shapes":[{"ty":"gr","it":[{"d":1,"ty":"el","s":{"a":0,"k":[95,95],"ix":2},"p":{"a":0,"k":[0,0],"ix":3},"nm":"ell","mn":"ADBE Vector Shape - Ellipse"},{"ty":"st","c":{"a":0,"k":[0.988235294118,0.313725490196,0.047058823529,1],"ix":3},"o":{"a":0,"k":100,"ix":4},"w":{"a":0,"k":7,"ix":5},"lc":2,"lj":1,"ml":4,"nm":"Stroke 1","mn":"ADBE Vector Graphic - Stroke"},{"ty":"tr","p":{"a":0,"k":[0,0],"ix":2},"a":{"a":0,"k":[0,0],"ix":1},"s":{"a":0,"k":[100,100],"ix":3},"r":{"a":0,"k":0,"ix":6},"o":{"a":0,"k":100,"ix":7},"sk":{"a":0,"k":0,"ix":4},"sa":{"a":0,"k":0,"ix":5},"nm":"Transform"}],"nm":"Ellipse 1","np":2,"cix":2,"ix":1,"mn":"ADBE Vector Group"}],"ip":0,"op":97,"st":0,"bm":0},{"ddd":0,"ind":21,"ty":4,"nm":"arrow-01","sr":1,"ks":{"o":{"a":0,"k":100,"ix":11},"r":{"a":1,"k":[{"i":{"x":[0.5],"y":[1]},"o":{"x":[0.5],"y":[0]},"n":["0p5_1_0p5_0"],"t":0,"s":[-80],"e":[50]},{"i":{"x":[0.5],"y":[1]},"o":{"x":[0.5],"y":[0]},"n":["0p5_1_0p5_0"],"t":24,"s":[50],"e":[-35]},{"i":{"x":[0.5],"y":[1]},"o":{"x":[0.5],"y":[0]},"n":["0p5_1_0p5_0"],"t":48,"s":[-35],"e":[30]},{"i":{"x":[0.5],"y":[1]},"o":{"x":[0.5],"y":[0]},"n":["0p5_1_0p5_0"],"t":72,"s":[30],"e":[-80]},{"t":95}],"ix":10},"p":{"a":0,"k":[201,202,0],"ix":2},"a":{"a":0,"k":[0,74,0],"ix":1},"s":{"a":0,"k":[100,100,100],"ix":6}},"ao":0,"shapes":[{"ty":"gr","it":[{"ind":0,"ty":"sh","ix":1,"ks":{"a":0,"k":{"i":[[0,0],[0,0]],"o":[[0,0],[0,0]],"v":[[0.25,26.25],[0.25,-30.75]]},"ix":2},"nm":"Path 1","mn":"ADBE Vector Shape - Group"},{"ty":"st","c":{"a":0,"k":[0.988235294118,0.313725490196,0.047058823529,1],"ix":3},"o":{"a":0,"k":100,"ix":4},"w":{"a":0,"k":7,"ix":5},"lc":2,"lj":1,"ml":4,"nm":"Stroke 1","mn":"ADBE Vector Graphic - Stroke"},{"ty":"tr","p":{"a":0,"k":[0,0],"ix":2},"a":{"a":0,"k":[0,0],"ix":1},"s":{"a":0,"k":[100,100],"ix":3},"r":{"a":0,"k":0,"ix":6},"o":{"a":0,"k":100,"ix":7},"sk":{"a":0,"k":0,"ix":4},"sa":{"a":0,"k":0,"ix":5},"nm":"Transform"}],"nm":"Shape 1","np":2,"cix":2,"ix":1,"mn":"ADBE Vector Group"}],"ip":0,"op":97,"st":0,"bm":0},{"ddd":0,"ind":22,"ty":4,"nm":"el-02","sr":1,"ks":{"o":{"a":0,"k":100,"ix":11},"r":{"a":0,"k":0,"ix":10},"p":{"a":0,"k":[201,202,0],"ix":2},"a":{"a":0,"k":[0,0,0],"ix":1},"s":{"a":0,"k":[100,100,100],"ix":6}},"ao":0,"shapes":[{"ty":"gr","it":[{"ind":0,"ty":"sh","ix":1,"ks":{"a":0,"k":{"i":[[0,25.681],[25.681,0],[0,-25.681]],"o":[[0,-25.681],[-25.681,0],[0,25.681]],"v":[[46.5,0],[0,-46.5],[-46.5,0]]},"ix":2},"nm":"Path 1","mn":"ADBE Vector Shape - Group"},{"ty":"st","c":{"a":0,"k":[0.988235294118,0.313725490196,0.047058823529,1],"ix":3},"o":{"a":0,"k":100,"ix":4},"w":{"a":0,"k":7,"ix":5},"lc":2,"lj":1,"ml":4,"nm":"Stroke 1","mn":"ADBE Vector Graphic - Stroke"},{"ty":"tm","s":{"a":0,"k":0,"ix":1},"e":{"a":0,"k":75,"ix":2},"o":{"a":1,"k":[{"i":{"x":[0.833],"y":[0.833]},"o":{"x":[0.167],"y":[0.167]},"n":["0p833_0p833_0p167_0p167"],"t":0,"s":[-75],"e":[-435]},{"t":96}],"ix":3},"m":1,"ix":3,"nm":"Trim Paths 1","mn":"ADBE Vector Filter - Trim"},{"ty":"tr","p":{"a":0,"k":[0,0],"ix":2},"a":{"a":0,"k":[0,0],"ix":1},"s":{"a":0,"k":[100,100],"ix":3},"r":{"a":0,"k":0,"ix":6},"o":{"a":0,"k":100,"ix":7},"sk":{"a":0,"k":0,"ix":4},"sa":{"a":0,"k":0,"ix":5},"nm":"Transform"}],"nm":"Ellipse 1","np":3,"cix":2,"ix":1,"mn":"ADBE Vector Group"}],"ip":0,"op":97,"st":0,"bm":0},{"ddd":0,"ind":23,"ty":4,"nm":"line-16","sr":1,"ks":{"o":{"a":0,"k":100,"ix":11},"r":{"a":0,"k":0,"ix":10},"p":{"a":0,"k":[200.5,202.375,0],"ix":2},"a":{"a":0,"k":[-0.5,73.375,0],"ix":1},"s":{"a":0,"k":[100,100,100],"ix":6}},"ao":0,"shapes":[{"ty":"gr","it":[{"ind":0,"ty":"sh","ix":1,"ks":{"a":0,"k":{"i":[[0,0],[0,0]],"o":[[0,0],[0,0]],"v":[[-150.75,73.25],[148.25,73.5]]},"ix":2},"nm":"Path 1","mn":"ADBE Vector Shape - Group"},{"ty":"st","c":{"a":0,"k":[0.988235294118,0.313725490196,0.047058823529,1],"ix":3},"o":{"a":0,"k":100,"ix":4},"w":{"a":0,"k":7,"ix":5},"lc":2,"lj":1,"ml":4,"nm":"Stroke 1","mn":"ADBE Vector Graphic - Stroke"},{"ty":"tr","p":{"a":0,"k":[0,0],"ix":2},"a":{"a":0,"k":[0,0],"ix":1},"s":{"a":0,"k":[100,100],"ix":3},"r":{"a":0,"k":0,"ix":6},"o":{"a":0,"k":100,"ix":7},"sk":{"a":0,"k":0,"ix":4},"sa":{"a":0,"k":0,"ix":5},"nm":"Transform"}],"nm":"Shape 1","np":2,"cix":2,"ix":1,"mn":"ADBE Vector Group"}],"ip":0,"op":97,"st":0,"bm":0},{"ddd":0,"ind":24,"ty":4,"nm":"rect-01","sr":1,"ks":{"o":{"a":0,"k":100,"ix":11},"r":{"a":0,"k":0,"ix":10},"p":{"a":0,"k":[200,200,0],"ix":2},"a":{"a":0,"k":[0,0,0],"ix":1},"s":{"a":0,"k":[100,100,100],"ix":6}},"ao":0,"shapes":[{"ty":"gr","it":[{"d":1,"ty":"el","s":{"a":0,"k":[300,300],"ix":2},"p":{"a":0,"k":[0,0],"ix":3},"nm":"Ellipse Path 1","mn":"ADBE Vector Shape - Ellipse"},{"ty":"st","c":{"a":0,"k":[0.988235294118,0.313725490196,0.047058823529,1],"ix":3},"o":{"a":0,"k":100,"ix":4},"w":{"a":0,"k":7,"ix":5},"lc":2,"lj":1,"ml":4,"nm":"Stroke 1","mn":"ADBE Vector Graphic - Stroke"},{"ty":"tr","p":{"a":0,"k":[0,0],"ix":2},"a":{"a":0,"k":[0,0],"ix":1},"s":{"a":0,"k":[100,100],"ix":3},"r":{"a":0,"k":0,"ix":6},"o":{"a":0,"k":100,"ix":7},"sk":{"a":0,"k":0,"ix":4},"sa":{"a":0,"k":0,"ix":5},"nm":"Transform"}],"nm":"Rectangle 1","np":2,"cix":2,"ix":1,"mn":"ADBE Vector Group"}],"ip":0,"op":97,"st":0,"bm":0}]}